Ulasan,Label
rakor surabaya nginap layan ramah kamar bagus sofa bed nyantai tamu sarap menu pilih fasilitas lumayan lengkap atm mini market bantu,positif
makan enak ac nya layan fasilitas kamar lengkap pasta gigi wifinya lancar jaya interior lucu tempat minimal keren,positif
layan bagus deal tarik fasilitas kamar mandi nya sederhana akses kolam renang harris hotel city view bagus matahari terbit lokasi strategis apit kafe letak tengah kota surabaya,positif
keren nih malam pop hotel layan ramah cepat fasilitas oke alfa express mana sandal nih puas,positif
lucu kak kali lihat kamar mandi nya portabel hehe terkadang sengaja air rembes hehe pandang masyaallah malam lebih layan kamar bersih,positif
nginap hotel gaya simple minimal salah ide pas temu pop hotel pop hotel  gubeng hotel letak kota mana mana jangkau,positif
sela kerja bikin pusing pop hotel nyaman bagus desain kamar unik warna pikir tenang ceria lokasi mudah jangkau,positif
fasilitas sedia nyaman layan ramah respon staf hotel cepat bantu layan nikmat fasilitas sedia benar nyaman banget,positif
layan oke fasilitas keren minggu aja kamar nyaman bersih nya oke bagus lokasi pusat kota pop gubeng rekomendasi libur,positif
kali masuk kamar pop gubeng tidur suasana nyaman sejuk datang ac ruang kamar bersih nyaman orang jual makan isi alfamart atm titip barang pokok pop gubeng is the best nyaman ruang ayo inap pop gubeng,positif
enak senang cantik cantik karyawannya bersih atm alfamart bersih kamar bersih kasur empuk pokok di hotel gubeng senang rugi hotel gubeng the best,positif
hotel nyaman layan padu layan cowok ganteng ganteng layan cewek cantik cantik mbak dewi cantik hati hotel alfaexpress wifi lancar tugas bersih hotel pop gubeng nomor,positif
toilet pria bersih harum ruang fasilitas oke dah cek in cepat mudah mbak ramah trip pop gubeng deh sip,positif
terima kasih layan nyaman unjung jaga nyaman tertib sukses hotel pop lupa bantu,positif
bagus harga murah riah layan baik fasilitas kolam renang fitnes dan lain lain pokok nya fasilitas lengkap pada kamar nyaman minimal sedia tv lid,positif
lokasi strategis layan ramah cepat ruang nyaman bersih hotel mall fasilitas urus bisnis family trip jadi pilih hotel baik,positif
terkadang bingung lho weekend habis mana ngapain broadcast whatsapp promo hotel pop gubeng harga ribu inap malam sarap tarik kami coba inap malam kesan lobby layan ramah mudah kamar desain minimal suka kamar mandi nya nya bentuk lucu kamar tempat tidur sofa bagus nyaman posisi hotel tengah kota mudah cari makan hotel esok pagi nikmat sarap habis lauk prasmanan selai roti pelayananannya golong,positif
hotel letak strategis kota surabaya mudah jangkau cocok teman kunjung surabaya anggar minimal layan oke desain hotel unik banding fasilitas lengkap,positif
staf hotel ramah makan enak ac kamar dingin view kamar bagus lift lancar guling pas makan abis isi ulang nya so far lumayan sih hotel recommended cari hotel harga murah,positif
inap pop gubeng kali lihat rating tripadvisor bagus bintang pesan fasilitas layan muas rugi kalau nginap,positif
kamar lumayan bagus saji makan menu tingkat tambah menu makan khas daerah daerah jawa timur tempat nyaman santai layan nya ramah ramah terima kasih sukses hotel pop,positif
proses daftar cepat lancar kamar nyaman layan ramah senang staf nya bantu tamu sarap enak komplit terima kasih layan bpjs tulungagung,positif
staf pop gubeng say pilih profesional cekat layan keluarga rasa puas sendiri staf nya ramah sahabat,positif
jujur pop gubeng ini di ekspektasi hotel bagus bersih layan muas harga murah nya standar aja nyata bagus banget bagus hotel binatang good job,positif
layan bagus bersih makan lumayan enak wifi cepat swimming pool pas kota surabaya enak pas libur dar santai surabaya harga lumayan jangkau hotel kelas,positif
proses cek in cepat jelas nya muas layan kamar bagus menu sarap enak variasi enak tempat nyaman kolam renang luas nikmat deh keluarga,positif
administrasi mudah layan ramah cepat cepat istirahat kamar pes lokasi delta plaza museum kapal selam stasiun gubeng,positif
datang sambut ramah check in jalan lancar fasilitas sedia lengkap mini market atm kamar sedia nyaman tempat lupa makan lezat,positif
pop gubeng surabaya kamar lumayan layan nya ramah sarap pagi standar hotel anggar lokasi pusat kota minimarket atm lobby hotel bagus,positif
bersih strategis fasilitas lengkap aman makan enak anak renang gembira layan cepat muas alam pop hotel,positif
hotel layan nya ramah layan nya cepat fasilitasy sarap makan nya enak variasi harga mahal hotel kota mudah cari makan ato barang - barang,positif
hotel nyaman kunjung surabaya layan hotel ramah gratis akses internet kolam renang pandang bagus akses wisata surabaya,positif
proses daftar cepat langsung kamar wifi oke jos sarap nya enak layan oke saran aja fo nya kalau bisa harga ibooking murah nya oke kamar,positif
check in lancar cepat kondisi kamar ac dingin fasilitas lengkap bersih bersih rekomendasi renang di hotel harris view foto menu sarap cocok lidah layan ramah hotel cocok tarik,positif
kamar nya oke nyaman colok posisi tidur ac nya dingin bersih jamin sarap lumayan layan nya muas samarinda sesal nginap pop gubeng,positif
nginap pop hotel rangka libur keluarga resepsionis ramah banget layan cepat tele kamar luas desain simple nyaman banget jalan tumben ngerasain breakfastnya ayam panggang mantap,positif
kamar enak tugas ramah sigap ac kamar panas telepon tugas tugas langsung kamar benerin ac tidur teman enak banget malemnya rekomendasi deh pokok,positif
layan fasilitas sedia muas kamar lucu banget lemari of bagus si rekomendasi nyari hotel murah fasilitas muas,positif
makan enak kamar nyaman  lucu kamar mandi bersih  unik serba nyaman pokok nyaman duduk duduk lobby colok isi daya nya kamar  susah nyarinya pokok serba nyaman,positif
grup adelia puas layan pop gubeng tim aman bantu parkir bus sarap pagi enak nasi goreng kamar sesuai harga kelas nya oke,positif
layan oke awak sopan jujur check in check out cepat titip barang ramah front office saran sarap banyak varian menu kuantitas cukup sukses pop hotel,positif
bersih pop gubeng bilang bersih kamar rapi nyaman sarap pagi enak pas orang indonesia layan nya ramah cepat tanggap fasilitas atm minimarket lobby nya oke,positif
harga tawar banding fasilitas kamar dar business trip perlu hari backpacking bersih kamar kamar mandi recommended,positif
konsep pop hotel tarik fasilitas makan saji enak lengkap kerja sumber daya manusia nya recommended mahasiswa indonesia kunjung surabaya atm alfa express buka jam wifi nya lelet,positif
pop gubeng surabaya rekomendasi backpaker kamar minimal bersih sarap lengkap sesuai anggar nya layan muas fasilitas kolam renang,positif
kesan pertama check in pop gubeng warna proses check in cepat kamar tidur nya sesuai harga bersih nyaman sarap sesuai harga hehehe layan nya ramah kali nginap pop,positif
layan ramah bersih hotel bagus kamar nyaman libur urus menu makan sedia enak loby nya atm alfa expres mudah tamu,positif
kamar muas bersih bersih fasilitas banding harga layan ramah muas lo sarap enak sesuai anggar pop gubeng fasilitas kolam renang gabung hotel harris inap pop gubeng,positif
layan cepat ramah cocok rasa rasa suasana hotel anggar jangkau tempat strategis masakan enak tambah menu hehehehe,positif
bersih nyaman layan ramah simple warna warni lokasi mana kamar enak dan bersih konsep anak muda banget alfaexpress jam rekomendasi,positif
nyaman kamar layan nya oke proses daftar cepat makan nya enak atm alfa express bantu kolam renang oke bagus,positif
layan bagus kamar oke kamar mandi nya nya nyaman sarap enak sarap bersih nyaman alfa express buka jam daftar cepat langsung kamar oke,positif
hotel bagus layan oke layan kecewa deh cek in cepat muas kecewa nginap pop hotel gubeng deh member tauzia hotel diskon  - ,positif
kesan dekorasi eksentrik pas tepat an check in nya cepat langsung kamar kamar bersih nyaman layan servis ramah nya sarap lengkap rekomanded harga jangkau,positif
kamar oke ac dingin nyaman bersih oke sarap nya standar layan pop gubeng bagus ramah responsif wifi nya kencang atm bantu minimarket nya bagus serasa anak muda oke banget,positif
promo pophotels com harga promo kamar bagus pandang baik proses check in cepat unik inap pop order room layan harris menu sarap harga segitu terima tingkat makan sarap room layan nya muas cocok solo traveler  backpacker,positif
pop hotel hotel nyaman asyik tempat nyaman staf nya ramah hotel pusat kota mall tunjung plaza sewa sepeda listrik aplikasi migo mudah konsumen jalan,positif
pop hotel gubeng milik strategis kota surabaya mudah akses unit kamar tempat nyaman nyaman cocok cari hotel bagus harga murah fasilitas pop hotel gubeng manja konsumen sedia alat transportasi murah migo sepeda listrik mudah pergi mana tarif murah rekomendasi inap hotel surabaya,positif
asik banget tinggal pop gubeng akses mana tambah sewa sepeda listrik migo seru layan bagus staf ramah breakfastnya enak nyaman banget pokok,positif
alam inap pop gubeng muas kamar bersih layan sesuai standar sop sarap enak resepsionis ya sigap ramah pusat kota stasiun rekomendasi lancong,positif
kamar pop gubeng surabaya bersih nyaman nya sikat gigi keset lantai ac nya dingin enak sarap nya enak layan nya bagus mas tugas sarap ramah oke,positif
kamar ac dingin bersih jamin makan enak harga sesuai layan ya bagus resepsionis ramah bagus check kin cepat tugas sarap nya ramah bagus oke,positif
oke pelayanannnya oke ramah bersih lanjut ya resepsionis ramah tugas sarap nya nyaman banget kamar bersih senang coba hotel pop gubeng moga ya,positif
kamar nya enak nyaman layan ramah sesuai sop hotel sarap enak pusat kota fasilitas bagus bersih lumayan oke,positif
kamar bersih staf ramah sarap not bad anggar segitu ya atm sedia minimarket lobby muda penuh butuh pusat kota belanja oke hotel anggar,positif
proses check in cepat ramah fasilitas kamar bagus muas variasi makan layan ramah humoris fasilitas komplit nikmat fasilitas harris,positif
nginap nya pop gubeng karyawan nya anak sampe anak nya nginap keluarga layan ramah oke banget rekomendasi,positif
kali inap pop gubeng surabaya kesan kolam renang gabung hotel belah sarap oke tugas ramah resepsionis nya ramah kamar bersih nyaman,positif
kamar bagus guling nya ac dingin layan ramah sarap lokasi pusat kota treveling alfa atm karyawannya responsif oke,positif
inap pop gubeng bagus harga jangkau layan oke sarap oke kadang ikan nya amis fasilitas renang harris lobby atm minimarket,positif
proses daftar cepat responsif kamar nyaman bersih sarap cocok layan bagus cepat wifi nya cepat fasilitas atm minimarket renang harris hotel,positif
daftar langsung kamar kamar lantai kamar lumayan harga jangkau sarap standar prasmanan wifi bagus jaring layan tahan lokasi akses stasiun mudah,positif
libur surabaya inap di pop gubeng sungguh alam senang kamar bersih nyaman rapi karyawan tugas sarap ramah jadi alas pop gubeng rekomendasi lain kali coba nginap pop gubeng,positif
inap pop gubeng alam kamar rapi sarap enak resepsionis ramah stasiun fasilitas harga banding les trip cocok banget harga murah,positif
kamar lantai pandang bagus kamar oke layan nya bagus ramah lokasi stasiun gubeng menit stasiun oke fasilitas oke harga oke jangkau,positif
harga murah kualitas layan jamin terimakasih you pop gubeng nyaman fasilitas bintang menu sarap lumayan cocok lidah indonesia kamar bersih rapi tugas,positif
penasaran pop gubeng hasil luar biasa request lantai lantai pandang bagus kamar bersih sarap oke langsung pesan resepsionis tawarin member mtp lebih oke,positif
sarap enak worth it kamar bersih nyaman kamar mandi nya sempit hehe nyaman daerah strategis pusat kota mall tunjung plaza,positif
inap pop gubeng stasiun gubeng kamar pop gubeng bagus bersih sarap enak cukup hotel anggar fasilitas sedia murah layan nya bagus resepsionis nya tanggung jawab,positif
inap pop bagus jangkau cocok layan nya pop gubeng pegawai nya ramah kerasan kamar nyaman maaf pop solo kalah pop gubeng bagus pop gubeng,positif
cocok layan fasilitas sarap kamar pop hotel gubeng staf nya ramah bantu fasilitas lumayan tarik harga oke jangkau sukses pop gubeng,positif
lumayan pintu kamar mandi nya rusak sarap standar lidah indonesia layan bagus responsif fasilitas lumayan harga standar anggar atm alfa hotel pusat kota,positif
proses daftar tunggu daftar jam siang kamar oke resepsionis informasi fasilitas sarap nya standar harga murah traveloka oke,positif
pt rukun terima kasih pop gubeng layan kamar nya oke nyaman layan oke sarap cocok wifi lumayan oke,positif
layan pop gubeng muas kamar pas lumayan sarap bagus wifinya cepat nuansa warna warni ceria oke deh pokok bagus wisatawan rekomendasi,positif
inap pop gubeng sungguh kesan layan nya ramah kamar bersih nyaman sarap cocok lidah indonesia atm minimarket nuansa nya warna warni tarik,positif
inap pop gubeng kamar standar anggar hotel wifi nya lelet deh saran aja gratis gym jacuzi nya sarap nya standar layan oke,positif
umc yani surabaya terima kasih pop gubeng layan kamar nyaman sarap menu harga anggar lumayan layan tugas sarap ramah oke,positif
inap pop gubeng alam nya kamar nya istimewa sarap layan nya muas lokasi strategis jemput lho atm mini market hotel,positif
inap pop gubeng enak lokasi strategis kamar nya cukup sarap standar layan nya bagus ramah bantu tamu fasilitas harga anggar pakai coorporate oke,positif
letak strategis pusat kota suasana hotel nyaman layan ramah kamar nya eye catching amenitis kamar batas resepsionis info fasilitas di dalam hotel sedia mini market  atm wifi lancar kolam renang bersih bagus,positif
proses daftar langsung kamar cepat kamar nya oke bersih jamin nya bagus sarap enak layan ramah tv nya bagus salur alfa atm rekomen harga anggar,positif
alam inap pop hotel surabaya senang layan bagus staf nya ramah guests nya kali inap it was awesome,positif
hotel lumayan kamar sesuai harga sarap lumayan standar bersih hotel layan muas atm minimarket aman jamin sistem orivacy kamar,positif
proses cepat langsung kamar kamar bersih rapi sarap nya enak harga sesuai kantong backpaker renang harris anak senang layan nya bagus respon cepat rekomendasi backpaker,positif
alhamdulillah kamar muas sarap enak layan muas puas pas butuh uang ambil atm atm pakai mandiri,positif
proses cepat responnya sarap sippp layan sip deh wifi lancar bersih kamar harum atm minimarket tugas sarap cekat rekomen,positif
kamar bersih layan bagus ramah sarap enak terima kasih tugas sarap bersih jamin akses atm bantu minimarket jam untung inap pop gubeng,positif
makan pagi nyaman keluarga swimming banget bersih kamar lumayan harga jangkau kalang masyarakat tengah bawah mantap bersih lokasi strategis atm minimarket joko kerja,positif
harga kisar ribu sarap oke kamar oke layan ramah makan oke reffil cepat ya bersih jamin pusat kota,positif
proses daftar cepat booking via treveloka harga standar jangkau kamar bagus layan oke sarap nya enak bagus tugas atm minimarket sedia jadi pilih,positif
inap pop gubeng oke kamar bersih oke layan nya ramah oke wifi lancar sarap sip tugas oke atm minimarket stasiun gubeng pop gubeng rekomendasi,positif
pasuk hotel daftar proses cepat langsung kamar kamar bagus wifi lancar sarap pagi lumayan enak tugas ramah layan karyawannya ramah atm minimarket lengkap,positif
proses check in kendala cepat fast respond kamar bersih oke sarap enak layan staf nya oke atm minimarket demgan pusat kota lebih kendala,positif
tinggal hotel lebaran period bayang ramenya hotel lokasi strategis kota deket banget stasiun gubeng hotel gabung hotel harris belah starbucks loh hotel proses check in bilang cepat jam check in mbak resepsionis nya cantik cantik kamar ya standar pop hotel ya ac nya lantai dingin setup max cari libur ya kolam renang lumayan gede sharing hotel harris terimakasih you pop hotel gubeng excelent layan nya inap pop staf reservasinya friendly informatif,positif
kamar sarap nya bagus wifi lancar atm alfaexpress layan bagus fast respond fasilitanya pada harga jangkau rekomen deh pop gubeng,positif
nginap pop gubeng kendala layan fast respon cepat layan kamar oke toilet ac dingin kendala sarap enak pokok senang deh nginap,positif
proses check in pop gubeng cepat kamar nya bagus sikat gigi dan lain lain nya wifi cepat banget sarap nya enak reffilnya cepat layan nya staf ramah rekomendasi banget nginap,positif
alam enak nyaman karyawan ramah pokok nyesel surabaya mampir pop hotel surabaya nginap jangkau anak kuliah,positif
layan ramah lokasi strategis pusat belanja kamar nya nya bersih ac dingin atm dan minimarket hotel sarap variasi nya harga sahabat rekomendasi,positif
nyaman istirahat layan bagus fasilitas lengkap sauna steam jacuzzi fitnes alat alat nya lengkap modern makan enak variatif rekomendasi,positif
trip bisnis layan ramah nyaman view kamar relaksasi penat kerja makan tawar tarik good for your benefit,positif
masuk hotel langsung buka pintu mobil tugas langsung bawa koper sungguh kejut layan nya pas check in layan mas mas gemuk kamar fasilitas detail sarap pagi nya layan station telur makan hotel range harga nya an check out kartu gratis inap kartu laku pesan telepon pokok rekomended,positif
kamar mandi nya lucu ac nya dingin kolam renang nya layan bagus ramah makan senang inap pop gubeng wifi lancar minimarket atm hotel warna warni pokok nya oke,positif
kamar nyaman kamar mandi nya nya aman ac dingin fasilitas bagus kolam renang gabung hotel belah atm mini market layan bagus lokasi kota strategis,positif
kali kesini sengaja sih kota transit harga ngirit kantong muas sih hotel furniture kamar bersih sarap enak akses kolam renang haris hotel bahan layan oke tahan ya pop hotel fasilitas layan bersih,positif
puas layan staf bersih kamar  lokasi property nya coba sarap nya room layan nya bagus  murah terimakasih you pop,positif
langgan pop gubeng nyaman kamar nya bersih layan nya ramah sopan sarap pagi enak fasilitas atm alfa express kolam renang gratis lokasi kerja pusat kota,positif
layan ramah nyaman kamar mandi nya bersih fasilitas parkir luas kecewa deh sayang coba sarap gratis kopi teh jam resepsionis asli,positif
makan nya enak highlight pasta red beannya keras bread puddingnya enak manis waitersnya ramah lingkung makan nyaman enak pagi pagi santai over bagus,positif
mes hotel sabtu check in suasana hotel nya ramai anak anak hotel nya damping hotel harris fasilitas parkir nya pada banget proses check in cepat mbak mbak receptionist nya ramah info info ukur kamar bilang cukup ber aja leluasa nilai nya pas liat jendela kamar eh kolam renang gratis loh inap pop kayak nilai tambah pas nginap sarap nya baik banding hotel anggar nya surabaya,positif
kamar bersih tugas ramah senyum makan nya lumayan layan cepat bagus aja pokok nya minggu nginap lokasi stategis wifi nya lancar pakai ngadat henti,positif
kamar nya pop gubeng bagus nyaman karyawannya banget banget deh baik sarap oke banget wifi nya kencang fasilitas senang nginap langgan,positif
bersih kamar bersih nyaman kamar nyaman istirahat nyaman harga padan alat mandi nya sedia nyaman letak kamar mandi bersih oke koneksi wifi lancar,positif
kesan inap pop gubeng bersih kamar nyaman bersih harum layan oke harga ekonomis murah fasilitas dukung libur,positif
hotel bersih kamar koridor lobby bantal pas kamar bersih channel tv variatif isi animal planet behehehe wifi stabil sarap enak smoking area tanam,positif
layan bagus layan ramah kamar luas oke pas pasang kamar mandi nya air hangat sarap enak menu nya hehe bagus akses atm minimarket mudah,positif
hotel harga ekonomis suasana bagus check in cepat sevice room jangkau sarap lumayan harga segitu atm alfamart lobby enak butuh lokasi pas tengah mal mantap,positif
masuk hotel pop nyaman layan proses chk in nya di sini alfa mudah unjung atm nya bantu unjung ambil uang,positif
kamar nya oke layan oke proses chk in oke di sini alfa expres ngemudahin belanja layan di sini atm di sini mudah unjung ambil uang,positif
kesan inap pop gubeng nyaman nyenyak karyawannya ramah fasilitas hotel pada harga sahabat bisnis makan pagi lumayan enak tugas ramah love it,positif
kesan inap pop gubeng receptionist jaga ramah kamar bersih nyaman sarap enak nya bersih pokok the best deh pop gubeng surabaya komplit,positif
habis malam minggu keluarga senang inap pop hotel gubeng serta view kamar hotel malam kagum pantau sekililing tinggi,positif
proses cek in cepat staf nya ramah kamar hadap kota kamar bersih fasilitas alfamart atm sarap enak layan sarap ramah hotel stasiun gubeng,positif
layan bagus ramah resepsionis nya friendly kamar liat nyaman room moga layan bagus senyum sapa tamu,positif
kamar nyaman banget sih harga gin sesuai kantong dapet hotel modern sayang cocok makan lengkap sih mantul sih oiya lengkap banget atm alfa jam deket stasiun kota harga murah,positif
stasiun gubeng stasiun amet jalan kaki stasiun gubeng pop hotel layan ramah wifi cepat cafe nyaman banget makan enak warna khas hotel bikin segar mata,positif
fasilitas kamar fasilitas fungsi wi-fi fasilitas atm alfamart mudah cari perlu menu sarap pagi variasi tingkat tugas sarap pagi an julius mmberikan layan,positif
kamar bersih layan ramah sarap enak kopi mantap belanja enak jam indomart mudah manja tamu julius friendli sopan layan tamu,positif
kamar enak bentuk inovatif bersih ac dingin wifi lancar kamar mandi nya bersih bersih atm  alfaexpress lobi minimal sarap enak sederhana tugas breakfastnya yulius ramah,positif
kamar pas terlau big ac dingin channel tv oke layan oke bawah alfa expres atm parkir luas cocok travelling bisnis terimakasih pop hotel layan ramah,positif
fasilitas layan mantap kamar nyaman bersih fasilitas wifinya cepat lantai di hotel fasilitas mini market alfa express fasilitas atmnya sarap enak layan ramah mas yulius layan sarap hotel,positif
kamar nya bersih ac dingin wifi kencang atm alfa express sarap nya bagus enak yulius terimakasih bantu sarap staf ramah aman ramah lokasi strategis pusat kota,positif
bersih oke kamar sesuai harga ac dingin wifi keceng masukin password tv kabel chanel lengkap trouble pusat kota lokasi strategis sarap luas bersih smooking terima kasih mas yulius layan makan menu nya,positif
kamar bersih nyaman lemari gantung wifi lancar salur tv bagus atm alfa expres sarap enak terimakasih julius ramah kasih arah,positif
hotel bilang hotel warna warni isi kamar colorfull lucu unik bersih warna anak muda banget alam inap muas proses inap mana inap sistem booking online panjang kamar hotel langsung tangan front office muas mudah cepat,positif
kali inap check in handle mas mario checkout layan ramah moga harga promo hehe bersih kamar area lobi bersih sesal nginap pop jumpa pop gubeng,positif
kali inap pop gubeng nyaman bersih kamar lobi nya sayang kamar staf mario staf fo ramah helpfull terima kasih moga konsisten hotel nyaman,positif
inap pop gubeng nyaman kamar lobi makan bersih awat moga jaga kondisten bersih area pop gubeng pop gubeng staf nya muda ramah helpfull terima kasih mario staf fo layan baik sukses pop gubeng hotel memorable pasang ramah staf nya,positif
cocok sih pasang inap pop gubeng rumah staf nya ramah terima kasih mas yulius layan sarap pokok saran banget deh inap pop gubeng surabaya,positif
kali inap pop gubeng nyaman staf nya ramah fasilitas harris kolam renang bersih kamar lobi -benar rawat terima kasih staf mario pop champs helpfull surabaya pilih pop gubeng,positif
kamar nya pop gubeng bersih wangi ac nya bagus view kota oke sarap nya lumayan enak staf nya ramah terima kasih mas yulius bantu layan fasilitas oke lokasi strategis beda deh hotel anggar,positif
inap malam hotel pop gubeng senang hotel anggar pas banget kantong nyaman sarap enak kamar bersih staf nya ramah mbak enny nya surabaya inap pop gubeng surabaya top,positif
excellent layan for to staf check in handle kak enny cantik morning bite nya lumayan oke bersih kamar nya bagus fasilitas oke renang harris gubeng cocok libur bisnis nya selalh inap pop gubeng surabaya,positif
senang staf nya frendly lepas kamar nya bersih nyaman nikmat fasilitas harris morning bite nya oke layan kak enny ramah nya surabaya menginal di hotel pop gubeng surabaya kesan,positif
alas inap pop gubeng fasilitas kolam renang anak senang renang banding hotel anggar unggul deh pop gubeng sarap makan nya terimakasih mas yulius layan keluarga,positif
senang inap pop gubeng hotel bersih nyaman terimakasih you yulius bantu layan sarap makan enak enak rugi deh inap pop gubeng surabaya komplit banget,positif
kamar nya oke bagus bersih sarap lumayan layan mas yulius fasilitas oke shuttle mal mal minimarket hotel nuansa hotel anak muda banget deh cocok,positif
kamar nya oke keren lho desain minimal modern wifi kencang koneksi lancar sarap layan kak yulius orang ramah fasilitas oke mini market atm layan muas,positif
layan layan pop gubeng surabaya oke kamar bagus bersih atm alfa sarap enak kamu bisa makan semua pop alacarte pop gubeng renang komplit deh,positif
senang banget sih inap pop gubeng hotel nyaman bersih terima kasih mas yulius layan keluarga fasilitas bagus modern,positif
inap pandang kolam renang bagus banget kamar oke bagus terima kasih mas yulius sarap sedap nikmat fasilitas oke hasil muas love,positif
hotel pop gubeng bagus kaamarnya bersih nyaman kamar mandi nya bersih plastik sarap ganti menu fasilitas terima kasih mas yulius wifi kencang kuat sinyal puas,positif
hotel anggar lumayan sayang toilet dukung sarap variasi terima kasih mas yulius bantu sarap wifi bagus migo bantu dalm transport pokok the best deh,positif
hotel strategis layan ramah alfa ekspress lobby hotel harga markup oiya tarik hotel pop uni desain sendiri nyaman inap sarap saji menu enak tagih inap pop gubeng,positif
so far senang inap hotel pop gubeng staf ramah kamar minimal lucu lokasi kota stasiun makan breakfastnya variasi,positif
pop gubeng surabaya rekomendasi hotel nya nyaman bersih layan staf nya ramah fasilitas senang inap hotel kali coba inap,positif
hotel anggar konsep fresh minimal layan fasilitas maksimal staf ramah layan cepat bersih oke wifi lancar mantap pokok recommended keluarga teman inap -,positif
pasuk hotel pop gubeng surabaya teman rasa fasilitas mewah layan kamar hotel mumpuni kelas hotel cocok inap favorit,positif
karyawan hotel ramah mas yulius hehehe fasilitas lengkap makan on time bersih nyaman letak lokasi tunjung plaza menit jam alfaexpress atm wifi kamar lancar mantap,positif
kamar oke layan bagus bersih jamin staf ramah sarap oke senang inap pop gubeng layan bersih dan lain lain nya detail jamin terima kasih mas yulius layan,positif
tinggal pop gubeng puas layan nya layan sarap bagus ramah foto susah selfie mas yulius tawar bantu foto layan nya,positif
bersih handuk kawan nya benah senang ramah staf nya moga jaga kualitas nya hotel aman kantong backpacker ehehe,positif
lokasi lumayan strategis daerah gubeng kamar bersih cahaya bagus fasilitas makan enak sulit parkir lift pegawai responsif,positif
fasilitas ramah tugas nya alas pilih pop gubeng surabaya kali puas layan mbak nya cantik senyum betah deh hehee sukses,positif
aman hotel jamin kamar bagus bersih karyawan oke oke muda fasilitas atm alfaexpress sarap lumayan deh pecel buah kacangijo dan lain lain harga jangkau bisnis,positif
inap pop gubeng surabaya alam tugas laki nya bantu bantu kamar nya bersih rapi pokok oke banget deh keluarga senang inap,positif
pasang muda mud meni cocok banget deh inap pop gubeng hotel bagus bersih mewah fasilitas puas layan nya mbak mas nya,positif
pop gubeng bagus hotel rapi bersih kamar oke tugas sarap ramah pokok the best dehhh isap sales rekomendasi booking harga murah,positif
hotel bagus rekomended dehhh untuk para les tugas surabaya kamar nyaman rapi kamar mandi nya lucu konsep gaul banget layan nya ramah banget pokok puas banget nyoba nginap pop gubeng,positif
staf hotel pop gubeng aku ramah banding hotel anggar standartnya internasional kali ya hehehehe nama mas yulius hotel bersih wangi bagus banget deh les inap hotel anggar aku pop oke terimakasih you pop gubeng,positif
kesan inap hotel pop gubeng hotel anak muda banget karyawan nya muda sarap bantu mas yulius kampung halaman obrol info temapat jalan oke surabaya ramah hangat fasilitas hotel kolam renang atm alfamart shuttle dan lain lain kali inap,positif
alam inap pop gubeng surabaya kamar nyaman bersih banget hotel terima kasih mas yulius layan sarap fasilitas hotel shuttle mall mall stasiun pokok the best,positif
puas pop hotel gubeng layan ramah ruang bersih strategis pusat kota surabaya lokasi strategis kota surabaya kes pilah jenis sampah sedia,positif
malam hotel senang lokasi strategis pusat belanja kuliner kota jangkau mudah,positif
keluarga nyaman kamar luas housekeeping bagus ramah bagus alfamart atm migo rental sepeda listrik keliling kota taxi transportasi mudah mantap teko listrik hairdryer,positif
hotel pop gubeng the best kamar bagus nyaman mbak dewi layan check in cepat informatif pokok the best mbak saya inap kecewa,positif
libur kali pilih pop gunung inap kamar nya nyaman bersih fasilitas makan enak pecel daftar handel mbak dewi pokok mbak dewi komplit info hotel the best deh,positif
sentuh wewangian khas bal layan receptionist lokasi tengah kota mudah temu lokasi hotel pop tingkat terima kasih,positif
layan kamar bagus pegawai ramah nyaman bising kayak rumah baik pokok rekomendasi deh libur pasang keluarga,positif
hotel bersih layan variasi sarap hotel nyaman harga pas pergi keluarga sedia wifi muas,positif
inap hotel pop harris dasar sesuai anggar rasa inap ac dingin temperatur lai relatif sesuai budgetnya lokasi enak bersih bagus layan ramah terima kasih kak yulius bantu sarap,positif
alam inap pop gubeng puas kolam renang harris coffee tea layan bagus dan ramah terima kasih mas yulius kamar bersih bagus minimal,positif
so farr pop surabaya gubeng oke karena trauma pop kelapa gading pilih sarap sarap buruk kelapa gading puas pop gubeng,positif
layan lokasi nyaman muas layan ramah decorasinya bagus warna cerah fasilitas bintang sedia fasilitas wifi lelet sewa sepeda electriknya good,positif
view nya bagus nya strategis deket mana parkir luas layan bagus cepat harga jangkau jauh cari atm supermaket kamar tidur kamar mandi nya bersih,positif
lokasi hotel bagus strategis cari makan gampang anggar hotel share kolam renang harris keren banget makan simple banget kamar bersih layan bagus malam kamar banjir pindah kamar cepat,positif
alhamdulillah pop gubeng layan terima kasih mas yulius makan enak bersih tempat kamar rapi wangi insyaallah inap pop gubeng surabaya,positif
hotel nya bagus nyaman bersih suasana nya bagus fasilitas lengkap layan nya enak sopan santun lengkap alfa gabingung beli makan minum pokok nya enak hotel,positif
kamar bersih nyaman internet cepat bathroom bagus receptionist ramah parkir luas loby bersih atm mini market sarap bersih harga jangkau aman bagus bawa kendara,positif
ac nya dingin air genang mandi nya makan pagi good fasilitas nya bagus cukup wastafel nya genang bantu benar sih bagus,negatif
amenities sabun shampo nya tambah kamar bersih bagus fasilitas pool coba kunjung kali nyaman,negatif
kamar bagus view bagus kamar mandi nya lucu tabung sabun mandi nya shampo sikat gigi lengkap kurang berisik renovasi siang malam,negatif
hotel bintang kotor baik kamar bagus fasilitas sedia lengkap ramai weekend restoran nya,negatif
bantal bantal empuk pakai kamar bersih restoran nya makan makan asin nyaman,negatif
segi harga jangkau tengah kota wifi nya lancar kamar ac bocor dingin sihh bantu tugas help full banget sih tugas,negatif
sarap nya variatif asin hambar fasilitas nya oke lengkap muas baik makan nya kamar oke wifi sedia lancar karyawan informatif bantu kak amel ramah,negatif
hotel nyaman mana stasiun gubeng menit keluarga putus inap malam pop gubeng saran kamar toilet flushnya fungsi malam baik tugas tanggap,negatif
nyaman harga sesuai sama pas renovasi siang berisik baik renovasi pilih cepat,negatif
hotel nyaman lengkap fasilitas kolam renang anak anak keponakan karyawan helpfull kamar bersih kamar mandi nya tabung nyaman mandi nya over bagus,negatif
kali nginap kamar pas rekomendasi suka traveling bonus kolam renang view pagi nya dukung abis hujan hehe betah,negatif
nyaman pas sih nyaman banget ac kamar bocor tempuratur dingin sih dingin bocor capek banget jalan jawa info receptionist langsung tindak lanjutin pagi oke sih layan,negatif
bantal guling empuk bagus mentul ambles kasur enak empuk ac bagus fungsi normal kursi empuk lampu pas air bersih pas dateng wangi oke bersih kurang -wifi buka alam lantai jangkau full -channel tv channel masuk -pintu slide kamar mandi nya lepas guide roller takut jatuh timpa maintenance guide roller rollernya cari suai pas roller mudah guide roller,negatif
ac dingin oke kolam renang anak dewasa nya oke harga pop lumaayan oke renang gratis staycation keluarga oke banget terimakasih bantu cek out cepat cek in cepat,negatif
tolong fda ramah guest jutek humble tolong wa hotel malam aktif kadang bantu operator wa hotel aktif prasmanan sarap lengkap,negatif
hotel nyaman harga jangkau area bersih banget stasiun gubeng tuju tuju tahak ramah layan kerja proyek saran kolam renang sedia sampah sudut minim sampah,negatif
inap nyaman layan cepat ramah kali surabaya nginap hotel berisik bersihin kamar belah worth it harga jangkau kamar layan baik terima kasih hotel pop,negatif
kendala wifinya sinyal segi bersih kamar nyaman oke proses check in check out lancar bantu staf resepsionis ramah aja sapaa,negatif
hotel bintang oke banget murah fasilitas oke kamar kendala wifi over oke staycation nyaman keluarga coba kolam renang kesini coba deh,negatif
pop gubeng surabaya nyaman sih layan tv nya burem sih terima kasih mbak dita join kan member,negatif
so far nyaman tinggal bikin nyaman toilet mandi nya air rembes kamar basah oh ya baik check in info pool ambil voucher receptionist nyaman pool info voucher,negatif
layan sarap enak ac kamar dingin posisi rendah kamar mandi nya karet baik air bocor suasana hotel nyaman hotel pop ac dingin hotel harris,negatif
hotel bagus harga jangkau recommend staycation staf nya ramah check in check out mudah moga tahan ya wifi nya lelet sih moga di baik,negatif
staycation pop hotel gubeng  haris gubeng kecewa layan staf nya satpam resepsionis hk layan jempol check in kendala lampu mati  ac dingin  dan lain lain salut sigap ramah layan bikin kangen ken   good job,negatif
moga inap bau lift lobby atas bau asap rokok bau kaki hilang kejap ruang sus orang rokok tertib orang duduk lobby ganggu unjung masuk moga inap lantai air pasuk kamar celah jendela lumayan ganggu,negatif
puas sih layan fasilitas pada ac nya dingin kendala wifinya lelet bersih prokesnya patuh,negatif
baik kamar mandi nya sarap ala kadar nya perbaikin sarap in room kemaren minimal sarap nya moga depan,negatif
enak nyaman staf ramah sayang akses koneksi internet super lelet pass wifi orang sekitar hotel akses need to fix this orang akses internet stabil perlu kerja,negatif
pop gubeng harga murah layan bagus kamar bersih area lobi jaga bersih situasi pandemi tuntut jaga bersih layan staffnya ramah sayang wifi kamar kencang hotel bagus,negatif
hotel pop gubeng kali inap hotel pop hotel bagus unik harga kamar sesuai kamar sedia bersih sayang ac kamar dingin benerin hehe karyawannya ramah ppkm selesai ajak keluarga pop gubeng,negatif
hotel bersih layan kamar bagus bbrpa masuk lengkap makan tolong sedia lantai ribet lantai hariss hotel turun lantai pindah lift kamar hotel pop,negatif
layan muas orang nya ramah fasilitas muas bersih oke toilet bersih bau apek kasur nyaman guling guling keras sikat gigi pasta gigi,negatif
senang istirahat sayang suara orang inap belah dengar kamar anak tolong perhati bersih bathroom terima kasih,negatif
letak kamar depan lift lantai dengar orang lalang kamar kedap suara pintu kamar tutup rapat suara dengar ac dingin amenities pop hotel sedia sikat pasta gigi sedia gelas wastafel sayang kemarin kamar kamar hotel lumayan bersih bau pandemi sarap harris hotel menu sedia variatif,negatif
terima kasih pop hotel kesan nginap pop hotel gubeng nyaman ulas lengkap fasilitas panas air gelas hair driyer,negatif
lokasi kamar dengan stasiun gubeng mudah travelling kereta api kamar luas dapet view bagus internet lambat it  oke ll recommended to my friends,negatif
recommended hotel for staycation kolam renang luas bersih kamar bersih kamar mandi nya lancar air panas kencang minus nya wifi nya payah banget putus putus koneksi lambat tolong baik,negatif
hotel bersih nyaman kota surabaya harga jangkau banget poko rekomendasi banget pokok istirahat malam nyaman saran tolong sia sikat gigi,negatif
kali tinggal pop gubeng surabaya check in bantu mas mas ramah murah senyum masuk oke menit ac rembes air closetnya banget turun ya nextnya baik terima kasih pop gubeng,negatif
bantal kempes ruang tidur bersih alami kendala pintu kamar mandi nya langsung baik tugas sayang room tempat air kamar mandi nya alir ganggu,negatif
layan karyawan maaf salah sistem kunci keluara tidak tahu yang selesai helpfull,negatif
selimut noda sarung bantal noda kotor handuk keset kamar lebih lokasi bagus parkir aman respond staf hotel cepat kamar mandi nya bersih layout bagus,negatif
ac tolong cek kadang dingin sabun kamar mandi nya tambah lebih lahan parkir luas motor mobil good ,negatif
staycation lantai view bagus banget lokasi baik surabaya dapat ac dingin kamar bersih ranjang kamar bau aman ac aja,negatif
pasta gigi sikat gigi sandal beli harga segitu berisik suara kamar belah dengar kipas lampu bising kedap kamar mandi nya karet nya lepas,negatif
suka hotel guling layan ramah akses lift cepat wifi cepat lokasi strategis worth it harga value tingkat sektor kamar mandi toilet tisu kamar sedia sikat gigi,negatif
wifinya mantap jiwa showernya masalah kamar lift kadang bau enak makan sesuai fyi kamar soundproof sekian mohon maaf salah sekian terima kasih,negatif
alam inap pop gubeng kesan kamar layan nya bagus sayang sarap nya muas sayur urap basi kacang ijonya enak pokok nya sarap nya oke kamar,negatif
ramah pop gubeng resepsionis peduli tamu kamar bagus nyaman sarap lumayan bubur ketan bubur ketan hitam keras matang sempurna saran mending maksimal pilih kes sikap layan nya oke banget,negatif
hotel bagus layan ramah fasilitas tunjang lengkap sayang sedia alat mandi nya batas sikat gigi pasta gigi sedia meja kerja depan baik,negatif
kritik saran kecewa kualitas ac kamar kelas pop hotel ac bocor jam subuh kecewa alam kecewa saran perhati ac kenyam tamu tenang istirahat,negatif
bersih bagus ac air kamar mandi nya bagus lancar kencang pakai keluar lambat check in layan nya ramah fasilitas informasi detail,negatif
hotel kesan unik fresh warna nya segar kamar nyaman sprei bercak sayang bersih aja kamar mandi nya nya nya lucu sarap fresh layan nya bagus incharge sarap bagus ramah hotel oke,negatif
kamar nyaman suara listrik ayam panggang enak layan bagus shampo ramah lingkung plastik tambah sampah cek in mudah lokasi pusat kota stasiun,negatif
kamar listrik suara njeglek tidur ganggu kamar bagus ayam panggang enak sayang bubur nya polos aja komplit layan bagus ramah kamar lemari minimal sampo sabun,negatif
minus ac kamar dingin air tetes kamar harap baik engineering nya langsung kamar raih sarap lumayan anggar hotel layan ramah oke,negatif
lumayan pintu kamar mandi nya rusak sarap standar lidah indonesia layan bagus responsif fasilitas lumayan harga standar anggar atm alfa hotel pusat kota,negatif
inap pop gubeng kamar standar anggar hotel wifi nya lelet deh saran aja gratis gym jacuzi nya sarap nya standar layan oke,negatif
kamar sempit lemari bersih lebih nya guling kamar sarap menu layan nya oke minimarket atm hotel lobby nya unik warn warni kesan ceria the best,negatif
kamar bersih oke sikat gigi sabun hotel ini tidak kurang kamar bersih layan oke ramah minus nya laundry janji bisa selesai malam pagi kondisi wangi setrika makan ya aja,negatif
cocok h tel transit lift pa key card kamar sempit pintu toilet copot rel nya hati- geser pintu toilet parkir gabung harris hotel tamu penuh susah cari parkir,negatif
kali daftar sambut cepat sesuai pesan resepsionis pop mbak putri kamar minimal view pool harris sayang mandi nya showernya bocor genang kamar bantu engineering cepat mas joni merepair shower bocor,negatif
bagus harga murah harga ribu ppn rasa inap di hotel mahal kolam renang kecewa wifi nya lelet banget wifinya,negatif
hotel bersih wangi makan enak fasilitas lumayan lengkap minimarket atm hotel - tugas kamar bingung buka pintu akses lift beritahu koridor nya daftar tgl november jam malam an simpul lumayan bagus,negatif
inap pop hotel layan muas pegawai hotel ramah terap senyum sapa salam atm  minimarket lobby kamar bersih sedia handuk sabun  shampo perlu mandi nya beli ribu bentuk kamar mandi nya unik - air ac tetes kamar keset kamar mandi sarap variasi kamar mandi nya luas sedikit saran resepsionis fasilitas inap tamu bantu,negatif
layan fasilitas cukup dar inap kamar bagus sandal aja kasur nyaman ac nya sarap enak variasi batas,negatif
layan hotel lingkung kamar bersih rapi sarap sedia hotel kamar sedia shampo bantal tidur,negatif
tempat nyaman makan card kamar partner kamar leluasa masuk kamar turun lift kapasitas lift pada fasilitas kamar bed,negatif
nyaman bagus hospitalitynya juara makan enak kamar mandi nya ya mungin tingkat layan nya maximal time kunjung disisni,negatif
sayang dapet sandal kota bawa sandal renang pakai high heels deh lokasi renang abis renang nyeker kamar takut spatunya basah  dapet sikat gigi,negatif
layan nyaman pegawai terap budaya senyum kamar nyaman pandang bagus jendela betah hotel mohon tingkat fasilitas lemari simpan baju terima kasih,negatif
fasilitas bagus tidur nyenyak saran kamar mandi pengap mandi nya hehehehee inti joss dahh bagus foto sunset hehee sukses dah hotel pop,negatif
hotel nya nyaman bagus lokasi nya strategis mudah jangkau layan nya proses check in nya gampang cepat kamar nya bersih rapi sayang sandal kamar menu sarap nya variasi,negatif
nyaman bagus ac dingin layan ramah lokasi kota strategis kurang ruang kamar kedap suara pintu kamar mandi nya kunci simpul cocok kota anggar minim rekomen,negatif
proses check in cepat langsung kamar kamar ac nya jalan teknisi maksimal kamar nya bersih layan staf nya fast respond tanggap butuh bantu sarap nya standar harga anggar oke good job,negatif
model kamar antimainstream nyaman keluarga kolam renang renang di hotel belah gratis akses wifi kadang putus down malam nyaman libur keluarga,negatif
layan oke ramah inap pop gubeng kamar nya oke nyaman fasilitas sandal sikat gigi sarap lumayan enak ac nya dingin kamar atm alfa express dukung akses nya kota,negatif
proses check in fasilitas lengkap sinyal wi-fi bagus standard bersih kamar bersih akses hotel mudah mudah cari harga standard cocok libur tawar member mtp muas benefitnya makan nya enak rekomendasi,negatif
bersih kamar bersih resto bersih fasilitas kamar kurang lemari ac dingin makan lumayan jenis makan layan check in cepat tugas ramah,negatif
keluarga inap malam pop gubeng layan nya sarap standard sesuai harga kamar ac dingin tv lcd rusak mohon perhati fasilitas kolam renang,negatif
kritik saran kecewa kualitas ac kamar kelas pop hotel ac bocor jam subuh kecewa alam kecewa saran perhati ac kenyam tamu tenang istirahat,negatif
sabagai saran baik sedia sandal kamar sikat gigi toothpaste makan agam menu ac kamar tolong perhati derajat gerah lebih bagus layan harga,negatif
proses daftar cepat nunggu kamar nya bersih lengkap hotel mending masuk harga kamar turun beli resepsionis sarap nya bagus layan ramah room layan nya konsisten katalog book nya shower kamar mandi lumayan,negatif
bersih bagus ac air kamar mandi nya bagus lancar kencang pakai keluar lambat check in layan nya ramah fasilitas informasi detail,negatif
layan ramah bersih jaga kamar mandi nya luas nyaman kembang tamu nyaman ac kamar dingin atur suhu ,negatif
kamar nyaman ac nya dingin kamar sikat gigi sandal hotel variasi makan overal sihh oke hotel anggar pas kolam renang infused water rasa lemon,negatif
layan ramah sopan harga sahabat kamar bersih luas gratis sandal hotel orang kota beli sandal,negatif
kamar bersih nyaman harga jangkau meja pas kerja kamar sarap sederhana enak alfamart butuh butuh dadak beli buka jam lebih oke,negatif
tingkat fasilitas kamar sedia minimal sandal tamu menu makan pagi harap menu nya kopi teh jam gratis terimkasih,negatif
hotel kesan unik fresh warna nya segar kamar nyaman sprei bercak sayang bersih aja kamar mandi nya nya nya lucu sarap fresh layan nya bagus incharge sarap bagus ramah hotel oke,negatif
pop hotel gubeng oke kamar inap hari lumayan kecewa handuk kotor nya ganti air mineral nya tambahin nya layan resepsion tugas sarap cekat mohon baik,negatif
kasur oke kamar mandi nya oke sarap standar bubur enak sayang lengkap sambel layan oke kamar lengkap lemari gantung baju luas kamar batas extrabed tv oke fox movies,negatif
sarap pop gubeng lebih oke pop solo pop gubeng sarap nya prasmanan pop solo makan nya kaya kereta lemah rasa nya asin pop gubeng layan nya oke,negatif
minus ac kamar dingin air tetes kamar harap baik engineering nya langsung kamar raih sarap lumayan anggar hotel layan ramah oke,negatif
hotel bahan harris hotel area parkir luas check in check out mudah cepat kolam renang harris hotel menu sarap muas kamar mandi nya renovasi air mudah bocor,negatif
tempat cocok bersih nyaman layan cepat ramah kurang fasilitas sandal amenitis room servis malam hari soldout moga baik bagus,negatif
kamar sempit lemari bersih lebih nya guling kamar sarap menu layan nya oke minimarket atm hotel lobby nya unik warn warni kesan ceria the best,negatif
hotel bagus pusat kota kemarin treveloka pesan bed nya bad gapapa kali prioritas baby sarap oke layan nya oke,negatif
kamar bersih oke sikat gigi sabun hotel ini tidak kurang kamar bersih layan oke ramah minus nya laundry janji bisa selesai malam pagi kondisi wangi setrika makan ya aja,negatif
cocok h tel transit lift pa key card kamar sempit pintu toilet copot rel nya hati- geser pintu toilet parkir gabung harris hotel tamu penuh susah cari parkir,negatif
pilih pop gubeng harga jangkau proses check in langsung dapat kamar tunggu kamar oke kamar mandi nya seal nya kuat bocor ac nya oke wifi oke langsung sarap pepaya makan busuk layan nya bagus oke fast respond,negatif
hotel anggar lumayan oke bersih kamar check in mudah gampang banget sarap lumayan layan ramah washtafel kamar air turun ya malam inap lumayan,negatif
layan pop gubeng ramah fast respon makanananya sarap enak  hotel strategis nongkrong starbuck kamar nyaman bersih lengkap kamar mandi nya lengkap,negatif
proses daftar pop gubeng cepat fast response kamar nya oke kurang sikat gigi oke sarap nya ganti enak pas lumayan enak layan oke,negatif
kamar bagus sempit sarap banget jam makan ready nasi putih staf masak menit mie sedia porsi orang tunggu sungguh hotel layan tamu nya kira makan masak tamu staf ramah rekomendasi mes hotel sarap,negatif
- layan nya ramah sigap  - kamar sih bersih  - ac nya kamar dingin  - area kamar kasih harum - sarap kasih menu pilih anak anak pedas - pop gubeng kolam renang anak suka ,negatif
cek in cepat posisi ac tidur dingin wifi lancar pasta gigi sandal kamar sikat gigi bad sower kamar mandi nya ering rambut,negatif
kali masuk hotel bingung gedung harris hotel kolam renang join harris hotel lobby sarap area minim kamar kamar mandi sempit hotel cocok backpacker layan bersih,negatif
lokasi oke layan ramah fasilitas dukung alfamart jam sulit cari camil minum kamar mandi nya bocor rayap nyaman kamar,negatif
oke sliper kena charge hal sabun sampo di dalam kamar layan oke sarap pagi oke kolam renang oke,negatif
bathroom slot kunci ac kamar bocor kamar lumayan not bad layan oke akses mudah mana aman vacation tinggal nyaman istirahat good pop,negatif
pandang lantai konsep lobby pukau akses aman wisata kota sedia kopi tea cepat isi ulang makan,negatif
hotel value bagus layan cepat  ramah kamar desain minimal nyaman sayang kamar tempat hujan deras air hujan rembes masuk kamar sarap muas kendala siang air shower dingin mati cepat atas,negatif
bagus makan enak lokasi stasiun kota mudah mana parkir susah acara harris kamar bersih layan bagus helpful banding harga simpul bagus,negatif
hotel letak pusat kota surabaya lucu nama pop jazz dangdut inap perlu transit kereta malam banyuwangi tunggu stasiun gubeng tunggu hotel tarif relatif mahal stasiun gubeng hotel lumayan ulas suguh makan pagi chekout jam malam rasa tugas hotel ramah resepsionis banding hotel belah management kelas hotel belah tarif mahal ya pengaruh layan kamar puas,negatif
alam inap pop gubeng bagus mbak putri bantu layan hotel bagus harga jangkau fasilitas sayang musholla nya bagus kotor musholla nya lengkap sajadah karpet inti layak musholla nya okeee,negatif
kali daftar sambut cepat sesuai pesan resepsionis pop mbak putri kamar minimal view pool harris sayang mandi nya showernya bocor genang kamar bantu engineering cepat mas joni merepair shower bocor,negatif
bagus hotel anggar jangkau bersih kamar bagi kamar mandi nya dekat westafel kamar gimana paham mohon kamar pakai ganti sprei gatal malam inap,negatif
miss komunikasi aplikasi mesan online hotel kolom request khusus pilih ruang asap rokok king size twin bed rapopo kamar ac dingin restnya ganti teknisi panas panas kamar sabar flush kamar mandi nya macet moga dengar masuk masuk konsumen kualitas fasilitas brand ya andal,negatif
kesan senang bising ya dengar orang asbes maintenance dengar siang malam durasi lamaso far so good good job well done,negatif
bagus harga murah harga ribu ppn rasa inap di hotel mahal kolam renang kecewa wifi nya lelet banget wifinya,negatif
nyaman hotel pusat kota mudah akses layan ramah check in check out kamar dingin fasilitas jaga sayang seprei kasur bercak noda jijik aja,negatif
perabot kamar fungsional taruh barang perlu nginap kapsul kamar mandi unik air cepat hangat  kencang ac berisik  dingin suara kamar belah lorong lumayan kencang,negatif
nya strategis cocok mana simple ribet fasiltias lengkap staf ramah breakfastnya menu batas oke ganjal perut,negatif
hotel bersih wangi makan enak fasilitas lumayan lengkap minimarket atm hotel - tugas kamar bingung buka pintu akses lift beritahu koridor nya daftar tgl november jam malam an simpul lumayan bagus,negatif
keluarga nikmat inap hotel pop gubeng layan staf ramah lokasi strategis stasiun gubeng delta plaza kolam renang sarap enak agam ketel kamar ac dingin pandang indah kamar lantai malam kelapa kelip lampu gedung surabaya,negatif
harga ribu hotel worth it kamar bersih parkir luas staf ramah kurang kamar mandi nya model kapsul sempit ranjang kedap kamar dengar suara pikir wajar ya harga murah kelas bintang harga level bintang pikir hotel over oke  ekonomis,negatif
alam key card fungsi jebak lift pipa bung wastafel bocor rembes alir lantai lebih nyaman nyaman terima kasih,negatif
kamar bersih layan terima kasih mas andi bantu layan sarap atm minimarket - lemari kaca kamar gede kamar luas oke sip,negatif
inap pop hotel layan muas pegawai hotel ramah terap senyum sapa salam atm  minimarket lobby kamar bersih sedia handuk sabun  shampo perlu mandi nya beli ribu bentuk kamar mandi nya unik - air ac tetes kamar keset kamar mandi sarap variasi kamar mandi nya luas sedikit saran resepsionis fasilitas inap tamu bantu,negatif
bad layan resepsionis dahulu orang cek in bawa baby repot shuttle sulit pesan pagi staf ramah bayi depan kamar bau sedap kamar inap malam but not feeling comfortable with the servive pesan air panas telpon kali kali antar room bersih toilet tolong staf peka konsumen kerepot bawa baby,negatif
kali kunjung surabaya pop hotel pilih stasiun kereta gubeng esok lanjut jalan malang layan staf ramah hotel bersih kamar minimal standar hotel anggar ganggu sofa kamar kamar sumpek,negatif
pop gubeng hotel tempat strategis harga ekonomis layan nya muas kamar luas nyaman will recommend to my family friends masuk fasilitas fitness center gratis kolam renang,negatif
ngantar kamar ceck in parkir lantai ground tutup tali penuh kosong haris hotel pop hotel kamar mandi nya air bocor lantai kamar sikat gigi beli hotel,negatif
terima kasih pop hotel gubeng saran menu sarap buah mohon perhati kemarin lihat semangka bau segar ganti terima kasih,negatif
tim aman ramah ramah sayang atmnya mandiri lola alias loading lambat parah kadang erorr kualitas makan sarap aja kadang air dispenser habis thankxzzz,negatif
fasilitas kamar lengkap tissue shower cap sikat gigi pasta gigi suasana kamar berisik akibat suara ganggu nyaman variasi makan sarap habis stok makan tindak hotel restock makan,negatif
harga jangkau kamar bagus nyaman breakfastnya enak lokasi mudah cari taruh sabun sampo lengkap kamar mandi luas very recommended,negatif
ruang masuk bau balsem tamu sebab sihilang bau nya ganggu masuk handuk seprei selimut kumal warna nya coklat putih bersih lokasi strategis akses kolam renang nilai plus,negatif
layan bagus lokasi strategis stasiun pusat belanja staf ramah akses renang hotel harris kamar mandi nya sempit banjir menu sarap tingkat menu sarap,negatif
refil makan minum telat kamar mandi nya kran bocor air ac netes resepsionis tanggap bantu bellboy tamu checkout butuh bantu aman ramah mesti tingkat layan murah layan buruk,negatif
sarap pop gubeng saudara diponegoro ac dingin ranjang empuk lengkap sofa wifi lumayan cepat lokasi strategis kondisi sarap lengang proses daftar cepat washtafel mampet genang standard pop sabun cair sachet sikat gigi pasta gigi kecewa inap pop hotel,negatif
respon check in cepat kamar sesuai harap jaga bersih ganggu bocor ac hotel responsif pindah kamar sayang sarap kurang lengkap makan cepat layan  makan sarap habis refillnya bagus,negatif
kamar mandi nya oke interior  alat rusak baik  tempat shower air kloset  saran buat kopi  teh praktis sikat gigi biar binggung,negatif
view bagus banget bersih nyaman harga jangkau inap fire alarm bunyi panik konfirm resepsionis lantai telepon kamar lengkap info call,negatif
information tv kopi teh gratis teh nya sedia creamer derita diabetes ayah kasihan hotel sedia gula diet pesan warung pop room layan mohon baik sederhana sehat orang derita diabetes,negatif
kamar kunci bersih room layan dapat kembal jalan surabaya pagi sore pintu kamar tutup sempurna,negatif
gratis access kolam renang harris nyaman kantong kamar bersih nyaman staf ramah lokasi strategis fasilitas sesuai harga - air panas bau kaporit kamar kunci ganda rusak surabaya masuk pilih hotel hitung,negatif
hotel anggar sarap variatif cita wifi cepat bahan hotel haris gubeng hotel stasiun gubeng poros jalan ramai transportasi mudah akses,negatif
sikat gigi pasta gigi sandal fatal fasilitas standar urgent hotel pinggir kota pop perhati sikat gigi sandal butuh pokok tamu tamu mobilitas bawa,negatif
proses check in antri saat istirahat menu sarap saji buruk homestay kaki bersih kamar kamar mandi nya jaga,negatif
hubung nomor orang kenal nomor dishare pop hotel senang profesional pop erti data hp confidential tuju,negatif
ac dingin kamar hadap sinar matahari sore set maximal kamar mandi nya  wc nya aneh es batu nya  variasi sarap nasi sayur ala kadar nya  semangka teh kopi susu roti nya habis biar berangkat bungkus sarap bilang sarap gratis harga nya kamar sarap kasih bonus lobby panas spt nya ac nya hemat kamar sesuai bayar ribu an,negatif
layan ramah senang lokasi kota akses pusat bisnis surabaya mudah sarap enak fasilitas harris hotel senang check in lobi ramai istirahat unjung menggangu tenang bicara volume lorong kamar suka hotel shower box hotel shower box,negatif
jarak tidur tv akibat pusing tonton tv kamar wangi dingin tidur nyaman bantal guling selimut kamar mandi senang flush toilet rusak kaca dalam kamar susah kaca,negatif
nyaman kamar mandi nya nya bentuk tube bocor mana shower bocor flush wc rusak susah tekan proses daftar lambat ramah posisi hotel strategis sarap minimal sesuau harga,negatif
layan oke wifi oke oke kecuali makan hehehe menu barat makan cari omelet habis harap langsung isi ulang makan bagi,negatif
menu sarap sayang lengkap mandi nya orang sedia pasta gigi sikat gigi lorong lift lantai gelap malam lift tombol lelet,negatif
kemarin tanggal malam pop hotel gubeng kunjung kali hotel nampaknya alam inap muas pasal pinjam sendok piring antar kamar minta kabul paksa turun ambil ambil tugas pinjam resto bawa kamar paksa sendok plastik bawa kamar,negatif
staf ramah teknisi respon cepat hotel lucu suggested sarap sedia at least jam toiletries hairdryer request sleeper good bersih comfort,negatif
handsfree tinggal telpon bilang proses kece sayang kamar berisik gatau orang ruang kamar henti sampe malem,negatif
puas pop hotel sarap tingkat variasi tambah gratis mie ayam kemarin handuk kemarin sobek kumal,negatif
inap sana lantai pintu staf lift siang-sore berisik staf kadang bolak-balik masuk ruang staf malam berisik orang masuk lift sih kamar staf responsif pel pintu kamar langsung tutup kamar lantai lengket kering sempurna sarap lumayan complimentary santai sarap jam makan ludes sisa staf mie orang sarap bawah sedia atm bni,negatif
lokasi hotel lumayan strategis kota relatif stasiun gubeng tunjung kertajaya parkir gratis sayang pesan kamar double bed habis ganti twin bed gabung nyaman kasur geser pisah salur air kamar mandi buntu air genang mandi nya ac dingin,negatif
sarap juli sayur kacang campur wortel jagung ulat ulat ulat sayur tingkat bersih teh hitam kopi lumayan,negatif
inap hotel malam kamar hotel unik lucu desain kamar unik kecewa temu bekas noda darah selimut bekas perempuan menstruasi temu semut hitam kamar tambah esok pagi barang jaga bersih makan beranta semut kasur merubuti apa barang bawa mohon baik bersih terimakasih you,negatif
jaga parkir motor ramah balas ucap terima kasih unjung staf makan ramah kamar mandi nya keluar bau sedap harga kamar layan hotel harga layan ramah,negatif
inap kamar kamar pop ampel signifikan kenyam inap isi toilet terkadang nyaman bab siram ac bocor benar pop hotel gubeng milik nilai layan cepat tanggap suasana aman nyaman,negatif
lokasi bagus layan kamar sesuai harga kolam kolam renang hotel harris sayang kamar ac nya bocor basah lantai but is good,negatif
kamar mandi nya nyaman kes private saran kamar teman proses check in check out mudah kamar bersih sikat gigi odol sandal hotel inap saran beli sikat gigi odol,negatif
panjang check out kompensasi biaya  pk pk suruh cek out listrik mati profesional moga manajemen menindaklanjuti malu,negatif
kondisi fasilitas kamar sesuai cenderung bagus harga staf ramah bantu sayang kualitas pintu dinding suara gampang dengar kamar ujung suara staf hotel beres siang dengar nyaring istirahat rileks,negatif
room lantai atas minimal bersih segar warna hijau putih dominasi room sayang room letak lift dengar suara mesin mesin pompa mesin lumayan dengar kencang room ganggu tenang istirahat suara mesin,negatif
hotel tarik muas lokasi pas kota ganggu suara plafon kamar makan pagi variasi jenis tasty,negatif
hati lewat di hotel senang hati istri check in kecewa layan check in nya request kamar tidur singgle lantai aneh orang check in kasur singgle lantai utara check in tanggapanyya sungguh kecewa kali inap,negatif
inap hotel alami ganggu kecewa salah karyawan outcharge perihal layan bagus kronologi jadi lift hotel rusak tahan lantai ground lift rusak bantu layan staf saat manager assistent manager ramah bantu apa layan buruk traveling hotel indonesia managemen hotel pop ulas jadi pers sosial media so badly layan,negatif
sarap pagi tamu sarap front office check out durasi sarap sisa menit jam ludes,negatif
terang parkir mobil tambah sampah tambah informasi lokasi hotel bandara kamar tipe panas air minum,negatif
fasilitas kamar oke kursi mudah kamar makan enak hambar parkir lobby nyaman internet cepat but will back again,negatif
kamar sempit kamar mandi nya kayak kapal perang makan pagi kayak penjara ac kamar panas lokasi tdiak strategis sarap rebut kayak penjara menu simple pilih,negatif
ikan goreng tepung keras makan lumayan sih layan cepat kayak sandal deh bunyi pintu keras takut ganggu tamu,negatif
layan cek in cek out lokasi hotel kamar hotel desain hotel bersih hotel kamar wifi  over bagus sayang menu sarap variasi inap tanggal okt - okt kemarin apat kamar lantai lift fungsi lantai tunggu lift belah over puas pop hotel baik sarap terimakasih you,negatif
orangtua jam sarap menu lengkap buah semangka roti toast selai lengkap mesti mahal buah pepaya jeruk pisang melon checkout periksa kamar property hotel bawa tamu barang tamu tinggal kamar nya oke,negatif
senang berisik rasa pagi kamar redam ruang dukung berisik curtain dalam kamar bunyi kena angin suka showernya,negatif
terima kasih layan inap kali inap kesan kali inap linen kotor penuh bercak cokelat sheetnya laundrynya bersih makan layan bersih bagus keep it up cheers,negatif
kali inap hotels negeri salah supervisor pop hotel amatir seragam  kena sandal celana pendek tegur tamu foto lobby hotel heran  kaget era digital mana format horisontal marketing butuh dongkrak awareness optimal low anggar salah supervisor amatir larang tamu foto niat publikasi pop hotel socialmedia gaya sombong sopan tamu kapok tinggal pop hotel sbg karyawan hotel wajib wow layan tulus layan tamu tindak spt tugas kasar paham,negatif
sesuai pop hotel warna warni warna utama hijau kamar luas bersih tidur nyaman ciri khas kamar mandi nya kapsul sayang kamar housekeeping lupa sabun mandi nya request operator tunggu malam pagi beri antar sabun mandi nya lobby minimarket jaring penuh butuh sarap agam menu nasi rendang roti bubur ayam bubur kacang ijo menu spesial mie kriting ayam nasi rendang bungkus porsi enak kenyang untung mie keriting wifi kamar password cepat bagus batas login periodik,negatif
nyaman kamar sempit ac nya panas worth it pandang cantik surabaya ku lihat sih valentine ramadhan kompak banget pakai seragam tema ramadhan muslim puasa tetep ramah tidk hitung ngelayanin tamu,negatif
hotel nyaman libur keluarga kolam renang perhati luas bersih makan menu sabagai hotel bintang lift bingung,negatif
kamar bersih hotel tahun renovasi ac dingin prlayanan staf ramah resepsionis ramah layan cepat fasilitas kolam renang oke,negatif
bersih kamar kemarin kendala bocor atap hujan lebat banget parah atas keset layan lebih,negatif
alam trip surabaya tarik harga nya jangkau stasiun gubeng layan nya wifinya loading nya suka hilang sinyal,negatif
hotel harga jangkau layan bantu kamar kelas hotel anggar wifinya lambat koneksi tahan,negatif
positif sarap experience check in kamar twin bed sedia book twin bed janji esok kamar twin bed front desk staf suasana friendly kes bete eye contact kamar mandi nya alami rusa hubung engineering jam malam engineering jam malam saat istirahat layan esok hari kamar twin bed temu dengam staf front desk kirim kamar cari kirim bete temu ketemu kirim layan friendly komunikasi simpan staf,negatif
ac kamar bocor kamar sisa sampah unjung piring bekas pesan makan pintu ambil pagi layan sarap ramah kursi kosong,negatif
jadwal maintenen kamar bulan ramai minggu sesuai kondisi tamu betul biar ganggu tampil hotel lusuh awat,negatif
kamar mandi nya nya nyaman kunci shower kamar stabil fasilitas kalah bagus destinasi keluarga nyaman tambah degan pandang bagus,negatif
ac nya bocor kamar tv nya channel china ya ganti kamar nya fasilitas nya oke sih periksa kamar barangkali,negatif
oke lampu mati nyala paruh toilet bau pesing ganggu sih tempat strategis enak lobbynya janji jiwa malem bosen ngopi aja bos,negatif
layan best banget poko bersih kamar handuk keset kamar renovasi ganti proses registrasi muas ramah cepat banget,negatif
